{
    "Venetia": {
        "important_cities": [
            "Venezia",
            "Verona",
            "Padova"
        ],
        "terrain": "Coastal",
        "neighbors": [
            "Trentino",
            "Lombardy",
            "Emilia Romagna",
            "Istria"
        ]
    },
    "Lombardy": {
        "important_cities": [
            "Milano",
            "Brescia",
            "Bergamo"
        ],
        "terrain": "Inland",
        "neighbors": [
            "Venetia",
            "Piedmont",
            "Trentino"
        ]
    },
    "Alto Adige": {
        "important_cities": [
            "Bolzano",
            "Trento"
        ],
        "terrain": "Mountain",
        "neighbors": [
            "Austria",
            "Lombardy",
            "Venetia",
            "Switzerland"
        ]
    }
}